Município;Qtd Dose
ADAMANTINA;2805
ADOLFO;261
AGUAI;1308
AGUAS DA PRATA;404
AGUAS DE LINDOIA;878
ÁGUAS DE SANTA BÁRBARA;300
ÁGUAS DE SÃO PEDRO;374
AGUDOS;3840
ALAMBARI;224
ALFREDO MARCONDES;326
ALTAIR;230
ALTINOPOLIS;1026
ALTO ALEGRE;280
ALUMÍNIO;532
ALVARES FLORENCE;244
ÁLVARES MACHADO;1081
ALVARO DE CARVALHO;177
ALVINLANDIA;150
AMERICANA;12965
AMÉRICO BRASILIENSE;2625
AMERICO DE CAMPOS;321
AMPARO;4126
ANALÂNDIA;188
ANDRADINA;4115
ANGATUBA;947
ANHEMBI;246
ANHUMAS;216
APARECIDA;1684
APARECIDA D'OESTE;343
APIAÍ;750
ARAÇARIGUAMA;604
ARAÇATUBA;15199
ARAÇOIABA DA SERRA;1205
ARAMINA;216
ARANDU;253
ARAPEI;160
ARARAQUARA;17483
ARARAS;7416
ARCO-IRIS;467
AREALVA;413
AREIAS;257
AREIÓPOLIS;440
ARIRANHA;535
ARTUR NOGUEIRA;2031
ARUJA;2973
ASPÁSIA;118
ASSIS;7857
ATIBAIA;9190
AURIFLAMA;927
AVAÍ;1112
AVANHANDAVA;391
AVARÉ;5841
BADY BASSITT;1111
BALBINOS;170
BALSAMO;503
BANANAL;708
BARÃO DE ANTONINA;304
BARBOSA;337
BARIRI;1965
BARRA BONITA;2183
BARRA DO CHAPÉU;183
BARRA DO TURVO;1478
BARRETOS;12642
BARRINHA;1228
BARUERI;15251
BASTOS;938
BATATAIS;3217
BAURU;34854
BEBEDOURO;5875
BENTO DE ABREU;124
BERNARDINO DE CAMPOS;642
BERTIOGA;3106
BILAC;601
BIRIGUI;5781
BIRITIBA MIRIM;742
BOA ESPERANÇA DO SUL;558
BOCAINA;498
BOFETE;356
BOITUVA;2333
BOM JESUS DOS PERDOES;764
BOM SUCESSO DE ITARARÉ;119
BORÁ;78
BORACÉIA;264
BORBOREMA;858
BOREBI;166
BOTUCATU;15334
BRAGANÇA PAULISTA;10064
BRAUNA;453
BREJO ALEGRE;206
BRODOWSKI;1356
BROTAS;1036
BURI;662
BURITAMA;767
BURITIZAL;278
CABRÁLIA PAULISTA;258
CABREUVA;1345
CAÇAPAVA;5181
CACHOEIRA PAULISTA;2012
CACONDE;925
CAFELÂNDIA;1056
CAIABU;214
CAIEIRAS;4098
CAIUÁ;359
CAJAMAR;2663
CAJATI;871
CAJOBI;591
CAJURU;1713
CAMPINA DO MONTE ALEGRE;218
CAMPINAS;93275
CAMPO LIMPO PAULISTA;2918
CAMPOS DO JORDAO;2554
CAMPOS NOVOS PAULISTA;195
CANANÉIA;726
CANAS;200
CANDIDO MOTA;1315
CANDIDO RODRIGUES;167
CANITAR;161
CAPÃO BONITO;1555
CAPELA DO ALTO;579
CAPIVARI;2448
CARAGUATATUBA;7316
CARAPICUIBA;13075
CARDOSO;663
CASA BRANCA;2323
CASSIA DOS COQUEIROS;145
CASTILHO;1491
CATANDUVA;11511
CATIGUA;290
CEDRAL;917
CERQUEIRA CÉSAR;875
CERQUILHO;1810
CESÁRIO LANGE;597
CHARQUEADA;653
CHAVANTES;426
CLEMENTINA;265
COLINA;945
COLÔMBIA;429
CONCHAL;949
CONCHAS;889
CORDEIRÓPOLIS;1280
COROADOS;169
CORONEL MACEDO;242
CORUMBATAÍ;170
COSMOPOLIS;1894
COSMORAMA;377
COTIA;10502
CRAVINHOS;1618
CRISTAIS PAULISTA;362
CRUZALIA;96
CRUZEIRO;3771
CUBATÃO;6152
CUNHA;937
DESCALVADO;1855
DIADEMA;17526
DIRCE REIS;126
DIVINOLANDIA;957
DOBRADA;290
DOIS CÓRREGOS;1339
DOLCINÓPOLIS;130
DOURADO;488
DRACENA;4517
DUARTINA;708
DUMONT;325
ECHAPORÃ;528
ELDORADO;2641
ELIAS FAUSTO;601
ELISIARIO;181
EMBAÚBA;130
EMBU DAS ARTES;7220
EMBU-GUAÇU;2978
EMILIANÓPOLIS;157
ENGENHEIRO COELHO;699
ESPIRITO SANTO DO PINHAL;2793
ESPÍRITO SANTO DO TURVO;153
ESTIVA GERBI;306
ESTRELA DO NORTE;129
ESTRELA D'OESTE;553
EUCLIDES DA CUNHA PAULISTA;386
FARTURA;936
FERNANDO PRESTES;428
FERNANDÓPOLIS;6152
FERNÃO;134
FERRAZ DE VASCONCELOS;7175
FLORA RICA;145
FLOREAL;213
FLORIDA PAULISTA;620
FLORINEA;183
FRANCA;14864
FRANCISCO MORATO;5872
FRANCO DA ROCHA;8147
GABRIEL MONTEIRO;137
GÁLIA;490
GARÇA;2772
GASTAO VIDIGAL;189
GAVIÃO PEIXOTO;213
GENERAL SALGADO;843
GETULINA;666
GLICERIO;223
GUAIÇARA;422
GUAIMBE;363
GUAÍRA;1759
GUAPIAÇU;974
GUAPIARA;645
GUARÁ;1133
GUARAÇAÍ;485
GUARACI;690
GUARANÍ D'OESTE;102
GUARANTA;342
GUARARAPES;1505
GUARAREMA;1293
GUARATINGUETA;7168
GUAREÍ;530
GUARIBA;1315
GUARUJÁ;18041
GUARULHOS;55182
GUATAPARA;275
GUZOLANDIA;163
HERCULANDIA;511
HOLAMBRA;584
HORTOLANDIA;11046
IACANGA;575
IACRI;345
IARAS;254
IBATÉ;1098
IBIRA;618
IBIRAREMA;434
IBITINGA;3279
IBIÚNA;5103
ICEM;496
IEPE;479
IGARAÇÚ DO TIETÊ;761
IGARAPAVA;1201
IGARATA;485
IGUAPE;1589
ILHA COMPRIDA;387
ILHA SOLTEIRA;1784
ILHABELA;1829
INDAIATUBA;11692
INDIANA;301
INDIAPORÃ;309
INUBIA PAULISTA;222
IPAUSSU;608
IPERÓ;799
IPEUNA;234
IPIGUA;191
IPORANGA;858
IPUÃ;697
IRACEMÁPOLIS;1053
IRAPUÃ;333
IRAPURU;327
ITABERA;781
ITAÍ;887
ITAJOBI;874
ITAJU;172
ITANHAÉM;5913
ITAOCA;341
ITAPECERICA DA SERRA;7410
ITAPETININGA;8748
ITAPEVA;5024
ITAPEVI;8359
ITAPIRA;5022
ITAPIRAPUA PAULISTA;149
ITAPOLIS;2240
ITAPORANGA;875
ITAPUÍ;532
ITAPURA;217
ITAQUAQUECETUBA;7805
ITARARE;2203
ITARIRI;568
ITATIBA;5799
ITATINGA;721
ITIRAPINA;730
ITIRAPUÃ;351
ITOBI;416
ITU;7995
ITUPEVA;1800
ITUVERAVA;3163
JABORANDI;406
JABOTICABAL;4106
JACAREÍ;12402
JACI;715
JACUPIRANGA;564
JAGUARIUNA;2462
JALES;3816
JAMBEIRO;245
JANDIRA;3880
JARDINOPOLIS;2209
JARINU;1344
JAÚ;12106
JERIQUARA;151
JOANOPOLIS;742
JOÃO RAMALHO;159
JOSE BONIFACIO;2019
JULIO MESQUITA;159
JUMIRIM;109
JUNDIAI;21721
JUNQUEIROPOLIS;1229
JUQUIÁ;809
JUQUITIBA;1431
LAGOINHA;288
LARANJAL PAULISTA;1439
LAVINIA;287
LAVRINHAS;271
LEME;4683
LENÇÓIS PAULISTA;2988
LIMEIRA;13055
LINDOIA;347
LINS;5956
LORENA;4826
LOURDES;153
LOUVEIRA;1732
LUCELIA;1255
LUCIANÓPOLIS;122
LUIS ANTONIO;570
LUIZIÂNIA;235
LUPERCIO;165
LUTÉCIA;196
MACATUBA;799
MACAUBAL;501
MACEDÔNIA;185
MAGDA;205
MAIRINQUE;1800
MAIRIPORÃ;3726
MANDURI;378
MARABA PAULISTA;166
MARACAI;598
MARAPOAMA;236
MARIAPOLIS;180
MARILIA;23397
MARINÓPOLIS;161
MARTINÓPOLIS;1141
MATÃO;4083
MAUA;18775
MENDONÇA;431
MERIDIANO;258
MESÓPOLIS;164
MIGUELÓPOLIS;1326
MINEIROS DO TIETÊ;458
MIRA ESTRELA;178
MIRACATU;843
MIRANDOPOLIS;2113
MIRANTE DO PARANAPANEMA;997
MIRASSOL;2873
MIRASSOLANDIA;236
MOCOCA;4690
MOGI DAS CRUZES;21632
MOGI GUAÇU;7644
MOGI MIRIM;5655
MOMBUCA;239
MONÇÕES;191
MONGAGUÁ;2108
MONTE ALEGRE DO SUL;360
MONTE ALTO;2681
MONTE APRAZIVEL;1792
MONTE AZUL PAULISTA;1040
MONTE CASTELO;229
MONTE MOR;1761
MONTEIRO LOBATO;303
MORRO AGUDO;1790
MORUNGABA;545
MOTUCA;184
MURUTINGA DO SUL;259
NANTES;131
NARANDIBA;242
NATIVIDADE DA SERRA;520
NAZARE PAULISTA;548
NEVES PAULISTA;684
NHANDEARA;719
NIPOÃ;173
NOVA ALIANÇA;365
NOVA CAMPINA;265
NOVA CANAÃ PAULISTA;105
NOVA CASTILHO;63
NOVA EUROPA;342
NOVA GRANADA;895
NOVA GUATAPORANGA;104
NOVA INDEPENDÊNCIA;210
NOVA LUZITÂNIA;146
NOVA ODESSA;1679
NOVAIS;256
NOVO HORIZONTE;2179
NUPORANGA;513
OCAUÇU;172
ÓLEO;129
OLIMPIA;2991
ONDA VERDE;250
ORIENTE;393
ORINDIUVA;257
ORLÂNDIA;1865
OSASCO;32534
OSCAR BRESSANE;260
OSVALDO CRUZ;2079
OURINHOS;6339
OURO VERDE;842
OUROESTE;633
PACAEMBU;696
PALESTINA;583
PALMARES PAULISTA;368
PALMEIRA D'OESTE;541
PALMITAL;1355
PANORAMA;682
PARAGUAÇU PAULISTA;2065
PARAIBUNA;826
PARAISO;352
PARANAPANEMA;965
PARANAPUÃ;157
PARAPUA;496
PARDINHO;287
PARIQUERA-AÇÚ;2180
PARISI;144
PATROCÍNIO PAULISTA;765
PAULICÉIA;265
PAULINIA;4388
PAULISTÂNIA;96
PAULO DE FARIA;603
PEDERNEIRAS;1982
PEDRA BELA;256
PEDRANÓPOLIS;166
PEDREGULHO;825
PEDREIRA;2741
PEDRINHAS PAULISTA;161
PEDRO DE TOLEDO;404
PENAPOLIS;3842
PEREIRA BARRETO;1337
PEREIRAS;284
PERUÍBE;3423
PIACATU;252
PIEDADE;1780
PILAR DO SUL;1063
PINDAMONHANGABA;7477
PINDORAMA;1102
PINHALZINHO;546
PIQUEROBI;344
PIQUETE;829
PIRACAIA;1124
PIRACICABA;23092
PIRAJÚ;1731
PIRAJUÍ;1697
PIRANGI;608
PIRAPORA DO BOM JESUS;855
PIRAPOZINHO;1205
PIRASSUNUNGA;4523
PIRATININGA;1254
PITANGUEIRAS;1668
PLANALTO;246
PLATINA;149
POA;5635
POLONI;329
POMPEIA;1546
PONGAI;186
PONTAL;1432
PONTALINDA;116
PONTES GESTAL;106
POPULINA;300
PORANGABA;469
PORTO FELIZ;2205
PORTO FERREIRA;2375
POTIM;1067
POTIRENDABA;1011
PRACINHA;117
PRADOPOLIS;440
PRAIA GRANDE;16559
PRATÂNIA;189
PRESIDENTE ALVES;271
PRESIDENTE BERNARDES;1272
PRESIDENTE EPITÁCIO;1849
PRESIDENTE PRUDENTE;19808
PRESIDENTE VENCESLAU;2899
PROMISSÃO;2182
QUADRA;99
QUATÁ;712
QUEIROZ;167
QUELUZ;414
QUINTANA;340
RAFARD;364
RANCHARIA;1594
REDENCAO DA SERRA;186
REGENTE FEIJÓ;729
REGINÓPOLIS;336
REGISTRO;3713
RESTINGA;284
RIBEIRA;176
RIBEIRÃO BONITO;479
RIBEIRAO BRANCO;550
RIBEIRÃO CORRENTE;233
RIBEIRÃO DO SUL;215
RIBEIRÃO DOS INDIOS;229
RIBEIRÃO GRANDE;216
RIBEIRÃO PIRES;6707
RIBEIRÃO PRETO;52676
RIFAINA;194
RINCÃO;491
RINOPOLIS;436
RIO CLARO;13836
RIO DAS PEDRAS;1186
RIO GRANDE DA SERRA;1655
RIOLANDIA;402
RIVERSUL;193
ROSANA;1060
ROSEIRA;489
RUBIACEA;146
RUBINÉIA;178
SABINO;417
SAGRES;112
SALES;281
SALES OLIVEIRA;698
SALESOPOLIS;583
SALMOURÃO;204
SALTINHO;285
SALTO;5859
SALTO DE PIRAPORA;2396
SALTO GRANDE;386
SANDOVALINA;163
SANTA ADÉLIA;929
SANTA ALBERTINA;349
SANTA BARBARA D'OESTE;6953
SANTA BRANCA;713
SANTA CLARA D'OESTE;111
SANTA CRUZ DA CONCEIÇÃO;285
SANTA CRUZ DA ESPERANÇA;136
SANTA CRUZ DAS PALMEIRAS;1463
SANTA CRUZ DO RIO PARDO;2789
SANTA ERNESTINA;184
SANTA FÉ DO SUL;3351
SANTA GERTRUDES;911
SANTA ISABEL;1957
SANTA LÚCIA;290
SANTA MARIA DA SERRA;327
SANTA MERCEDES;169
SANTA RITA DO PASSA QUATRO;1886
SANTA RITA D'OESTE;115
SANTA ROSA DE VITERBO;1185
SANTA SALETE;148
SANTANA DA PONTE PENSA;95
SANTANA DE PARNAIBA;5782
SANTO ANASTÁCIO;1153
SANTO ANDRÉ;48678
SANTO ANTONIO DA ALEGRIA;344
SANTO ANTONIO DE POSSE;1072
SANTO ANTONIO DO ARACANGUA;419
SANTO ANTONIO DO JARDIM;291
SANTO ANTONIO DO PINHAL;315
SANTO EXPEDITO;207
SANTOPOLIS DO AGUAPEI;211
SANTOS;43519
SAO BENTO DO SAPUCAI;600
SÃO BERNARDO DO CAMPO;47724
SÃO CAETANO DO SUL;20376
SÃO CARLOS;16929
SÃO FRANCISCO;140
SAO JOAO DA BOA VISTA;8417
SÃO JOÃO DAS DUAS PONTES;116
SÃO JOÃO DE IRACEMA;160
SÃO JOÃO DO PAU D'ALHO;157
SÃO JOAQUIM DA BARRA;3493
SÃO JOSÉ DA BELA VISTA;317
SAO JOSE DO BARREIRO;213
SAO JOSE DO RIO PARDO;3905
SÃO JOSÉ DO RIO PRETO;42691
SÃO JOSÉ DOS CAMPOS;34888
SÃO LOURENÇO DA SERRA;486
SAO LUIZ DO PARAITINGA;429
SÃO MANUEL;2081
SÃO MIGUEL ARCANJO;1125
SÃO PAULO;883374
SÃO PEDRO;1596
SÃO PEDRO DO TURVO;276
SÃO ROQUE;5500
SÃO SEBASTIÃO;3590
SAO SEBASTIAO DA GRAMA;601
SAO SIMAO;850
SÃO VICENTE;16976
SARAPUÍ;296
SARUTAIA;197
SEBASTIANÓPOLIS DO SUL;205
SERRA AZUL;634
SERRA NEGRA;1415
SERRANA;2091
SERTAOZINHO;6340
SETE BARRAS;440
SEVERÍNIA;603
SILVEIRAS;279
SOCORRO;2088
SOROCABA;38547
SUD MENNUCCI;472
SUMARE;10887
SUZANAPOLIS;149
SUZANO;11519
TABAPUÃ;668
TABATINGA;686
TABOÃO DA SERRA;16547
TACIBA;286
TAGUAÍ;507
TAIAÇU;450
TAIUVA;452
TAMBAU;1098
TANABI;1466
TAPIRAÍ;450
TAPIRATIBA;667
TAQUARAL;147
TAQUARITINGA;4109
TAQUARITUBA;1363
TAQUARIVAI;206
TARABAI;288
TARUMÃ;534
TATUÍ;6987
TAUBATE;18832
TEJUPÁ;137
TEODORO SAMPAIO;913
TERRA ROXA;499
TIETÊ;1976
TIMBURI;163
TORRE DE PEDRA;187
TORRINHA;566
TRABIJÚ;110
TREMEMBE;3712
TRÊS FRONTEIRAS;304
TUIUTI;263
TUPA;6366
TUPI PAULISTA;1353
TURIUBA;127
TURMALINA;186
UBARANA;208
UBATUBA;4456
UBIRAJARA;224
UCHÔA;589
UNIÃO PAULISTA;99
URÂNIA;668
URU;122
URUPÊS;729
VALENTIM GENTIL;463
VALINHOS;6430
VALPARAISO;2059
VARGEM;658
VARGEM GRANDE DO SUL;2644
VARGEM GRANDE PAULISTA;1390
VARZEA PAULISTA;3723
VERA CRUZ;649
VINHEDO;4484
VIRADOURO;675
VISTA ALEGRE DO ALTO;335
VITÓRIA BRASIL;100
VOTORANTIM;5714
VOTUPORANGA;8886
ZACARIAS;121
